"GRID_ID","2020","2025","2030","2035","2040","2045","2050"
1001,0.35,0.35,0.35,0.35,0.35,0.798,0.926
1002,0.58,0.58,0.58,0.58,0.58,0.939,1.053
1003,0.35,0.35,0.35,0.35,0.35,0.35,0.35
1004,0,0,0,0,0,0,0
1005,0,0,0,0,0,0,0
1006,0,0,0,0,0,0,0
1007,0,0,0,0,0,0,0
1008,0,0,0,0,0,0,0
1009,0.65,1.055,1.121,1.238,1.33,1.518,1.712
1010,0.8,1.161,1.223,1.334,1.37,1.449,1.505
1011,0.35,0.35,0.35,0.35,0.707,0.836,0.969
1012,0,0,0,0,0,0,0
1013,0.35,0.35,0.35,0.35,0.35,0.78,0.874
1014,0.35,0.35,0.35,0.35,0.35,0.35,0.771
1015,0.1,0.1,0.1,0.1,0.1,0.1,0.1
1016,0.23,0.23,0.23,0.23,0.23,0.23,0.23
1017,0,0,0,0,0,0,0
1018,0.35,0.35,0.35,0.35,0.35,0.35,0.35
1019,0,0,0,0,0,0,0
1020,0,0,0,0,0,0,0
1021,0,0,0,0,0,0,0
1022,0.53,0.53,0.53,0.53,0.53,0.53,0.53
1023,0.15,0.15,0.15,0.15,0.15,0.15,0.15
1024,0.918,0.997,1.083,1.239,1.359,1.607,1.865
1025,0.35,0.35,0,0,0,0,0
1026,0.35,0.35,0.35,0.35,0.35,0.35,0.35
1027,0,0,0,0,0,0,0
1028,0,0,0,0,0,0,0
1029,0,0,0,0,0,0,0
1030,0,0,0,0,0,0,0
1031,0,0,0,0,0,0,0
1032,0,0,0,0,0,0,0
1033,0,0,0,0,0,0,0
1034,0,0,0,0,0,0,0
1035,0,0,0,0,0,0,0
1036,0,0,0,0,0,0,0
1037,0,0,0,0,0,0,0
1038,0.3,0.3,0.3,0.3,0.3,0.3,0.3
1039,0.15,0.15,0.15,0.15,0.15,0.15,0.15
1040,0,0,0,0,0,0,0
1041,0,0,0,0,0,0,0
1042,0.35,0.35,0.35,0.794,0.872,0.809,0.939
1043,0.65,0.65,0.65,0.65,0.65,0.65,1.007
1044,0,0,0,0,0,0,0
1045,0,0,0,0,0,0,0
1046,0,0,0,0,0,0,0
1047,0.3,0.3,0.3,0.3,0.3,0.3,0.3
1048,0.3,0.3,0.3,0.3,0.3,0.3,0.3
1049,1.104,1.188,1.275,1.427,1.532,1.763,0
1050,0,0,0,0,0,0,0
1051,0.35,0.35,0.35,0.35,0.35,0,0
1052,0.35,0.35,0.35,0.35,0.35,0.35,0.35
1053,0,0,0,0,0,0,0
1054,0,0,0,0,0,0,0
1055,0,0,0,0,0,0,0
1056,0,0,0,0,0,0,0
1057,0,0,0,0,0,0,0
1058,0,0,0,0,0,0,0
1059,0.46,0.46,0.46,0.46,0.46,0.46,0.46
1060,0.23,0.23,0.23,0.23,0.23,0.23,0.23
1061,0,0,0,0,0,0,0
1062,0,0,0,0,0,0,0
1063,0,0,0,0,0,0,0
1064,0,0,0,0,0,0,0
1065,0.8,0.869,0.944,1.079,1.184,1.4,1.624
1066,0.35,0.35,0,0,0,0,0
1067,0,0,0,0,0,0,0
1068,0.35,0.35,0.71,0.796,0.843,0.958,1.065
1069,0,0,0,0,0,0,0
1070,0,0,0,0,0,0,0
1071,0,0,0,0,0,0,0
1072,0.35,0.35,0.713,0.78,0.817,0.912,0.995
1073,0.23,0.23,0.23,0.23,0.23,0.23,0.23
1074,0.3,0.3,0.3,0.3,0.3,0.3,0.3
1075,1.228,1.315,1.408,1.585,1.712,1.99,2.268
1076,1.368,1.387,1.399,1.6,1.756,2.076,2.408
1077,0.43,0.43,0.23,0.23,0.23,0.23,0.23
1078,0,0,0,0,0,0,0
1079,0.23,0.23,0.23,0.23,0.23,0.23,0.23
1080,0.35,0.35,0.35,0.728,0.788,0.902,1.012
1081,0.35,0.35,0.35,0.35,0.35,0.35,0.35
1082,0,0,0,0,0,0,0
1083,0.6,0.6,0.6,0.6,0.6,0.6,0.6
1084,0,0,0,0,0,0,0
1085,0.8,0.8,0.6,0.6,0.6,0.6,0.6
1086,0.23,0.23,0.23,0.23,0.23,0.23,0.23
1087,1.203,1.247,1.292,1.391,1.433,1.564,1.662
1088,1.798,1.952,2.121,2.424,2.661,3.146,3.65
1089,0.51,0.51,0.51,0.51,0.51,0.51,0.51
1090,0.837,0.9,0.968,1.085,0.707,0.836,0
1091,0,0,0,0,0,0,0
1092,0,0,1.111,1.263,0.733,0.867,0
1093,0,0,0,0,0,0,0
1094,0.35,0.35,0.703,0.798,0.869,1.007,1.144
1095,0,0,0,0,0,0,0
1096,0,0,0,0,0,0,0
1097,0,0,0,0,0,0,0
1098,0.3,0.3,0.3,0.3,0.3,0.3,0.3
1099,0,0,0,0,0,0,0
1100,0.749,0.789,0.831,0.911,0.956,1.077,1.187
1101,0.922,1,1.086,1.24,1.359,1.604,1.858
1102,0.756,0.821,0.892,1.02,1.119,0.778,0.903
1103,0,0,0,0,0,0,0
1104,0.23,0.23,0.23,0.23,0.23,0.23,0.23
1105,0.9,0.9,0.9,0.9,0.9,0.9,0.9
1106,0,0,0,0,0,0,0
1107,0,0,0,0,0,0,0
1108,0,0,0,0,0,0,0
1109,0,0,0,0,0,0,0
1110,0,0,0,0,0,0,0
1111,0,0,0,0,0,0,0
1112,0,0,0,0,0,0,0
1113,0,0,0,0,0,0,0
1114,0.23,0.23,0.23,0.23,0.23,0.23,0.23
1115,0.3,0.3,0.3,0.3,0.3,0.3,0.3
1116,0,0,0,0,0,0,0
1117,0.35,0.35,0.35,0.35,0.35,0.35,0.35
1118,0,0,0,0,0,0,0
1119,0.862,0.936,1.016,0.788,0.865,1.023,1.186
1120,0.926,1.005,1.092,1.248,1.37,1.62,1.88
1121,0,0,0,0,0,0,0
1122,0.85,0.85,0.85,0.85,0.85,0.85,0.85
1123,0.3,0.3,0.3,0.3,0.3,0.3,0.3
1124,0,0,0,0,0,0,0
1125,0,0,0,0,0,0,0
1126,0,0,0,0,0,0,0
1127,0,0,0,0,0,0,0
1128,0,0,0,0,0,0,0
1129,0,0,0,0,0,0,0
1130,0,0,0,0,0,0,0
1131,0,0,0,0,0,0,0
1132,0.53,0.53,0.53,0.53,0.53,0.53,0.53
1133,0.23,0.23,0.23,0.23,0.23,0.23,0.23
1134,0.812,0.833,0.853,0.91,0.927,0,0
1135,0,0,0,0,0,0,0
1136,0,0,0,0,0,0,0
1137,0,0,0,0,0,0,0
1138,0,0,0,0,0,0,0
1139,0.3,0.3,0.3,0.3,0.3,0.3,0.3
1140,0.9,0.9,0.9,0.9,0.9,0.9,0.9
1141,0,0,0,0,0,0,0
1142,0.53,0.53,0.53,0.53,0.53,0.53,0.53
1143,0,0,0,0,0,0,0
1144,0,0,0,0,0,0,0
1145,0,0,0,0,0,0,0
1146,0,0,0,0,0,0,0
1147,0,0,0,0,0,0,0
1148,0,0,0,0,0,0,0
1149,0,0,0,0,0,0,0
1150,0.23,0.23,0.23,0.23,0.23,0.23,0.23
1151,0,0,0,0,0,0,0
1152,0,0,0,0,0,0,0
1153,0,0,0,0,0,0,0
1154,0,0,0,0,0,0,0
1155,0.713,0.774,0.841,0.961,1.055,1.248,1.447
1156,0.6,0.6,0.6,0.6,0.6,0.6,0.6
1157,0.98,0.98,0.98,0.98,0.98,0.98,0.98
1158,0.3,0.3,0.3,0.3,0.3,0.3,0.3
1159,0.46,0.46,0.46,0.46,0.46,0.46,0.46
1160,0,0,0,0,0,0,0
1161,0,0,0,0,0,0,0
1162,0,0,0,0,0,0,0
1163,0,0,0,0,0,0,0
1164,0,0,0,0,0,0,0
1165,0.23,0.23,0.23,0.23,0.23,0.23,0.23
1166,0,0,0,0,0,0,0
1167,0.7,0.7,0.7,0.7,0.7,0.7,0.7
1168,0.4,0.4,0.4,0.4,0.4,0.4,0.4
1169,1.473,1.574,1.684,1.882,2.036,2.353,2.682
1170,0,0,0,0,0,0,0
1171,0,0,0,0,0,0,0
1172,0.3,0.3,0.3,0.3,0.3,0.3,0.3
1173,0.9,0.9,0.9,0.9,0.9,0.9,0.9
1174,0,0,0,0,0,0,0
1175,0,0,0,0,0,0,0
1176,0,0,0,0,0,0,0
1177,0,0,0,0,0,0,0
1178,0,0,0,0,0,0,0
1179,0,0,0,0,0,0,0
1180,0,0,0,0,0,0,0
1181,0,0,0,0,0,0,0
1182,0,0,0,0,0,0,0
1183,0,0,0,0,0,0,0
1184,0.4,0.4,0.4,0.4,0.4,0.4,0.4
1185,0,0,1.29,1.475,1.618,1.899,2.15
1186,0,0,0,0,0,0,0
1187,0,0,0,0,0,0,0
1188,0,0,0,0,0,0,0
1189,0,0,0,0,0,0,0
1190,0.2,0.2,0,0,0,0,0
1191,0,0,0,0,0,0,0
1192,0,0,0,0,0,0,0
1193,0,0,0,0,0,0,0
1194,0.45,0.45,0.45,0.45,0.45,0.45,0.45
1195,0.93,0.93,0.93,0.93,0.93,0.93,0.93
1196,0.3,0.3,0.3,0.3,0.3,0.3,0.3
1197,0,0,0,0,0,0,0
1198,0,0,0,0,0,0,0
1199,0,0,0,0,0,0,0
1200,0,0,0,0,0,0,0
1201,0,0,0,0,0,0,0
1202,0,0,0,0,0,0,0
1203,0,0,0,0,0,0,0
1204,0.912,0.972,1.032,1.141,1.209,1.371,1.522
1205,0,0,0,0,0,0,0
1206,0,0,0,0,0,0,0
1207,0,0,0,0,0,0,0
1208,0,0,0,0,0,0,0
1209,0,0,0,0,0,0,0
1210,0,0,0,0,0,0,0
1211,1.728,1.73,1.722,1.925,2.084,2.41,2.747
1212,1.6,1.6,1.6,1.6,1.6,1.6,1.6
1213,1.38,1.38,1.38,1.38,1.38,1.38,1.38
1214,1.68,1.68,1.68,1.68,1.68,1.68,1.68
1215,0.85,0.85,0.85,0.85,0.85,0.85,0.85
1216,0,0,0,0,0,0,0
1217,0,0,0,0,0,0,0
1218,0,0,0,0,0,0,0
1219,0,0,0,0,0,0,0
1220,0,0,0,0,0,0,0
1221,0,0,0,0,0,0,0
1222,0,0,0,0,0,0,0
1223,0,0,0,0,0,0,0
1224,0,0,0,0,0,0,0
1225,0,0,0,0,0,0,0
1226,0,0,0,0,0,0,0
1227,0,0,0,0,0,0,0
1228,0,0,0,0,0,0,0
1229,0.35,0.35,0,0,0,0,0
1230,0,0,0,0,0,0,0
1231,0,0,0,0,0,0,0
1232,0,0,0,0,0,0,0
1233,1.662,1.765,1.877,1.314,1.441,1.703,1.974
1234,0.6,0.6,0.6,0.6,0.6,0.6,0.6
1235,0.91,0.91,0.91,0.91,0.91,0.91,0.91
1236,0.98,0.98,0.98,0.98,0.98,0.98,0.98
1237,1.487,1.582,1.685,1.873,2.018,2.317,2.627
1238,0,0,0,0,0,0,0
1239,0.23,0.23,0.23,0.23,0.23,0.23,0.23
1240,0,0,0,0,0,0,0
1241,0,0,0,0,0,0,0
1242,0,0,0,0,0,0,0
1243,0,0,0,0,0,0,0
1244,0,0,0,0,0,0,0
1245,0,0,0,0,0,0,0
1246,0,0,0,0,0,0,0
1247,0,0,0,0,0,0,0
1248,0,0,0,0,0,0,0
1249,0,0,0,0,0,0,0
1250,0,0,0,0,0,0,0
1251,0,0,0,0,0,0,0
1252,0,0,0,0,0,0,0
1253,0.35,0.35,0,0,0,0,0
1254,0,0,0,0,0,0,0
1255,0.8,0.8,0.45,0.45,0.45,0.45,0.45
1256,0.3,0.3,0.3,0.3,0.3,0.3,0.3
1257,0,0,0,0,0,0,0
1258,3.087,3.281,3.492,3.874,4.171,4.781,5.413
1259,0.53,0.53,0.53,0.53,0.53,0.53,0.53
1260,0.76,0.826,0.897,1.026,1.125,1.331,0
1261,0,0,0,0,0,0,0
1262,0,0,0,0,0,0,0
1263,0,0,0,0,0,0,0
1264,0,0,0,0,0,0,0
1265,0,0,0,0,0,0,0
1266,0,0,0,0,0,0,0
1267,0,0,0,0,0,0,0
1268,0,0,0,0,0,0,0
1269,0.35,0.35,0,0,0,0,0
1270,0,0,0,0,0,0,0
1271,0,0,0,0,0,0,0
1272,0,0,0,0,0,0,0
1273,0,0,0,0,0,0,0
1274,0.3,0.3,0.3,0.3,0.3,0.3,0.3
1275,0.88,0.88,0.68,0.68,0.68,0.68,0.68
1276,0,0,0,0,0,0,0
1277,0,0,0,0,0,0,0
1278,0,0,0,0,0,0,0
1279,0,0,0,0,0,0,0
1280,0,0,0,0,0,0,0
1281,0,0,0,0,0,0,0
1282,0,0,0,0,0,0,0
1283,0,0,0,0,0,0,0
1284,0,0,0,0,0,0,0
1285,0,0,0,0,0,0,0
1286,0,0,0,0,0,0,0
1287,0,0,0,0,0,0,0
1288,0,0,0,0,0,0,0
1289,0,0,0,0,0,0,0
1290,0,0,0,0,0,0,0
1291,0,0,0,0,0,0,0
1292,0,0,0,0,0,0,0
1293,0,0,0,0,0,0,0
1294,0.35,0.35,0.35,0.35,0.35,0.771,0.818
1295,0,0,0,0,0,0,0
1296,0,0,0,0,0,0,0
1297,0.3,0.3,0.3,0.3,0.3,0.3,0.3
1298,0.6,0.6,0.6,0.6,0.6,0.6,0.6
1299,0,0,0,0,0,0,0
1300,0,0,0,0,0,0,0
1301,0,0,0,0,0,0,0
1302,0,0,0,0,0,0,0
1303,0,0,0,0,0,0,0
1304,0,0,0,0,0,0,0
1305,0,0,0,0,0,0,0
1306,0,0,0,0,0,0,0
1307,0,0,0,0,0,0,0
1308,0,0,0,0,0,0,0
1309,0,0,0,0,0,0,0
1310,0,0,0,0,0,0,0
1311,0,0,0,0,0,0,0
1312,0,0,0,0,0,0,0
1313,0,0,0,0,0,0,0
1314,0,0,0,0,0,0,0
1315,0,0,0,0,0,0,0
1316,0,0,0,0,0,0,0
1317,0,0,0,0,0,0,0
1318,0,0,0,0,0,0,0
1319,0,0,0,0,0,0,0
1320,0,0,0,0,0,0,0
1321,0,0,0,0,0,0,0
1322,0,0,0,0,0,0,0
1323,0,0,0,0,0,0,0
1324,0,0,0,0,0,0,0
1325,0,0,0,0,0,0,0
1326,0,0,0,0,0,0,0
1327,0.35,0.752,0.817,0.934,1.025,1.213,0.749
1328,0.35,0.35,0.35,0.35,0.35,0.35,0.715
1329,1.009,0.713,0.35,0.35,0.35,0.737,0.855
1330,0,0,0,0,0,0,0
1331,0.35,0.35,0,0,0,0,0
1332,0,0,0,0,0,0,0
1333,0,0,0,0,0,0,0
1334,0,0,0,0,0,0,0
1335,0,0,0,0,0,0,0
1336,0,0,0,0,0,0,0
1337,0,0,0,0,0,0,0
1338,0.94,0.989,1.039,1.138,1.193,1.347,1.487
1339,0.35,0.35,0.35,0.35,0.35,0.35,0.35
1340,0,0,0,0,0,0,0
1341,0,0,0,0,0,0,0
1342,0,0,0,0,0,0,0
1343,0,0,0,0,0,0,0
1344,0,0,0,0,0,0,0
1345,0,0,0,0,0,0,0
1346,0,0,0,0,0,0,0
1347,0,0,0,0,0,0,0
1348,0,0,0,0,0,0,0
1349,0,0,0,0,0,0,0
1350,0.707,0.768,0.834,0.954,1.047,1.238,1.436
1351,0,0,0,0,0,0,0
1352,0.35,0.35,0,0,0,0,0
1353,0,0,0,0,0,0,0
1354,0,0,0,0,0,0,0
1355,0.35,0.35,0.35,0.35,0.35,0.763,0.808
1356,0,0,0,0,0,0,0
1357,0,0,0,0,0,0,0
1358,0.783,0.851,0.924,1.056,1.159,1.371,1.59
1359,0,0,0,0,0,0,0
1360,0,0,0,0,0,0,0
1361,0,0,0,0,0,0,0
1362,0,0,0,0,0,0,0
1363,0,0,0,0,0,0,0
1364,0,0,0,0,0,0,0
1365,0,0,0,0,0,0,0
1366,0,0,0,0,0,0,0
1367,0,0,0,0,0,0,0
1368,0.35,0.35,0.35,0.733,0.805,0.952,1.104
1369,0,0,0,0,0,0,0
1370,1.045,1.135,1.233,1.38,1.455,1.635,1.797
1371,0.822,0.826,0.898,1.026,1.126,0.817,0.948
1372,0,0,0,0,0,0,0
1373,0,0,0,0,0,0,0
1374,0,0,0,0,0,0,0
1375,0,0,0,0,0,0,0
1376,0,0,0,0,0,0,0
1377,0.225,0.225,0.225,0,0,0,0
1378,0.35,0.35,0.35,0,0,0,0
1379,0,0,0,0,0,0,0
1380,0,0,0,0,0,0,0
1381,0,0,0,0,0,0,0
1382,0,0,0,0,0,0,0
1383,0,0,0,0,0,0,0
1384,0,0,0,0,0,0,0
1385,0,0,0,0,0,0,0
1386,0,0,0,0,0,0,0
1387,0,0,0,0,0,0,0
1388,1.094,1.188,1.275,1.41,1.496,1.703,1.899
1389,0,0,0,0,0,0,0
1390,0,0,0,0,0,0,0
1391,0,0,0,0,0,0,0
1392,0,0,0,0,0,0,0
1393,0,0,0,1.794,1.933,2.235,2.535
1394,0,0,0,0,0,0,0
1395,0,0,0,0,0,0,0
1396,0,0,0,0,0,0,0
1397,0,0,0,0,0,0,0
1398,0,0,0,0,0,0,0
1399,0,0,0,0,0,0,0
1400,0,0,0,0,0,0,0
1401,0,0,0,0,0,0,0
1402,0,0,0,0,0,0,0
1403,0,0,0,0,0,0,0
1404,0,0,0,0,0,0,0
1405,0,0,0,0,0,0,0
1406,0,0,0,0,0,0,0
1407,0,0,0,0,0,0,0
1408,0,0,0,0,0,0,0
1409,0,0,0,0,0,0,0
1410,0,0,0,0,0,0,0
1411,1.063,1.099,1.133,1.223,1.262,1.396,1.507
1412,0.85,0.88,0.91,0.985,1.021,1.134,1.231
1413,0.35,0.35,0.35,0.35,0.35,0.733,0.805
1414,0,0,0,0,0,0,0
1415,0,0,0,0,0,0,0
1416,0.35,0.35,0.35,0.35,0.35,0.35,0.35
1417,0,0,0,0,0,0,0
1418,0,0,0,0,0,0,0
1419,0,0,0,0,0,0,0
1420,0,0,0,0,1.601,1.893,2.196
1421,0.818,0.748,1.311,0.756,0.829,0.981,1.138
1422,0.3,1.176,1.251,1.387,1.493,1.711,1.937
1423,1.003,1.089,1.183,1.353,1.485,1.656,1.78
1424,0,0,0,0,0,0,0
1425,0,0,0,0,0,0,0
1426,0,0,0,0,0,0,0
1427,0,0,0,0,0,0,0
1428,0.3,0.3,0.3,0.3,0.3,0.3,0.3
1429,0,0,0,0,0,0,0
1430,0.225,0.225,0.225,0.225,0,0,0
1431,0,0,0,0,0,0,0
1432,0,0,0,0,0,0,0
1433,0,0,0,0,0,0,0
1434,0,0,0,0,0,0,0
1435,0,0,0,0,0,0,0
1436,0,0,0,0,0,0,0
1437,0,0,0,0,0,0,0
1438,0,0,0,0,0,0,0
1439,0,0,0,0,0,0,0
1440,0,0,0,0,0,0,0
1441,0,0,0,0,0,0,0
1442,0,0,0,0,0,0,0
1443,0,0,0,0,0,0,0
1444,0.832,0.903,0.981,1.122,1.231,1.456,1.689
1445,0,0,0,0,0,0,0
1446,0,0,0,0,0,0,0
1447,0,0,0,0,0,0,0
1448,0,0,0,0,0,0,0
1449,0,0,0,0,0,0,0
1450,0,0,0,0,0,0,0
1451,0,0,0,0,0,0,0
1452,0,0,0,0,0,0,0
1453,0.35,0.35,0.727,0.779,0.798,0,0
1454,0.35,0.35,0.35,0.35,0.35,0.35,0
1455,0,0,0,0.894,0,0,0
1456,0,0,0,0,0,0,0
1457,0,0,0,0,0,0,0
1458,0,0,0,0,0,0,0
1459,0,0,0,0,0,0,0
1460,0,0,0,0,0,0,0
1461,0,0,0,0,0,0,0
1462,0,0,0,0,0,0,0
1463,0,0,0,0,0,0,0
1464,0,0,0,0,0,0,0
1465,0,0,0,0,0,0,0
1466,0,0,0,0,0,0,0
1467,0,0,0,0,0,0,0
1468,0,0,0,0,0,0,0
1469,0,0,0,0,0,0,0
1470,0,0,0,0,0,0,0
1471,0.35,0.35,0.35,0.78,0.855,1.012,1.174
1472,0.68,0.68,0.68,0.68,0.68,0.68,0.68
1473,0,0,0,0,0,0,0
1474,0,0,0,0,0,0,0
1475,0,0,0,0,0,0,0
1476,0,0,0,0,0,0,0
1477,0,0,0,0,0,0,0
1478,0,0,0,0,0,0,0
1479,0,0,0,0,0,0,0
1480,0,0,0,0,0,0,0
1481,0,0,0,0,0,0,0
1482,0,0,0,0,0,0,0
1483,0,0,0,0,0,0,0
1484,0,0,0,0,0,0,0
1485,0,0,0,0,0,0,0
1486,0,0,0,0,0,0,0
1487,0,0,0,0,0,0,0
1488,0,0,0,0,0,0,0
1489,0,0,0,0,0,0,0
1490,0,0,0,0,0,0,0
1491,0,0,0,0,0,0,0
1492,0,0,0,0,0,0,0
1493,0,0,0,0,0,0,0
1494,0,0,0,0,0,0,0
1495,0,0,0,0,0,0,0
1496,0,0,0,0,0,0,0
1497,0,0,0,0,0,0,0
1498,0,0,0,0,0,0,0
1499,0,0,0,0,0,0,0
1500,0,0,0,0,0,0,0
1501,2.081,2.209,2.348,2.598,2.793,3.193,3.608
1502,0.3,0.3,0.3,0.3,0.3,0.3,0.3
1503,0,0,0,0,0,0,0
1504,0,0,0,0,0,0,0
1505,0,0,0,0,0,0,0
1506,0,0,0,0,0,0,0
1507,0,0,0,0,0,0,0
1508,0.2,0.2,0.2,0.2,0.2,0.2,0.2
1509,0,0,0,0,0,0,0
1510,0,0,0,0,0,0,0
1511,0,0,0,0,0,0,0
1512,0.35,0.35,0.35,0.757,0.804,0.89,0.961
1513,0.46,0.46,0.46,0.46,0.46,0.46,0.46
1514,0,0,0,0,0,0,0
1515,0,0,0,0,0,0,0
1516,0,0,0,0,0,0,0
1517,0,0,0,0,0,0,0
1518,0,0,0,0,0,0,0
1519,0,0,0,0,0,0,0
1520,0,0,0,0,0,0,0
1521,0,0,0,0,0,0,0
1522,0,0,0,0,0,0,0
1523,0,0,0,0,0,0,0
1524,0,0,0,0,0,0,0
1525,0,0,0,0,0,0,0
1526,0,0,0,0,0,0,0
1527,0,0,0,0,0,0,0
1528,0,0,0,0,0,0,0
1529,0,0,0,0,0,0,0
1530,0,0,0,0,0,0,0
1531,0,0,0,0,0,0,0
1532,0,0,0,0,0,0,0
1533,0.35,0.35,0.753,0.86,0.944,1.117,1.295
1534,0.23,0.23,0.23,0.23,0.23,0.23,0.23
1535,0,0,0,0,0,0,0
1536,0,0,0,0,0,0,0
1537,0,0,0,0,0,0,0
1538,0.23,0.23,0.23,0.23,0.23,0.23,0.23
1539,0,0,0,0,0,0,0
1540,0,0,0,0,0,0,0
1541,0,0,0,0,0,0,0
1542,0,0,0,0,0,0,0
1543,0,0,0,0,0,0,0
1544,0.911,0.985,1.065,1.2,1.298,1.492,1.681
1545,0,0,0,0,0,0,0
1546,0.23,0.23,0.23,0.23,0.23,0.23,0.23
1547,0,0,0,0,0,0,0
1548,0,0,0,0,0,0,0
1549,0,0,0,0,0,0,0
1550,0,0,0,0,0,0,0
1551,0,0,0,0,0,0,0
1552,0,0,0,0,0,0,0
1553,0,0,0,0,0,0,0
1554,0,0,0,0,0,0,0
1555,0,0,0,0,0,0,0
1556,0,0,0,0,0,0,0
1557,0,0,0,0,0,0,0
1558,0,0,0,0,0,0,0
1559,0,0,0,0,0,0,0
1560,0,0,0,0,0,0,0
1561,0,0,0,0,0,0,0
1562,0,0,0,0,0,0,0
1563,0,0,0,0,0,0,0
1564,0,0,0,0,0,0,0
1565,0,0,0,0,0,0,0
1566,1.151,1.224,1.304,1.448,1.56,1.79,2.028
1567,1.22,1.3,1.383,1.527,0.992,1.12,1.253
1568,0.2,0.2,0,0,0,0,0
1569,0.83,0.83,0.83,0.83,0.83,0.83,0.83
1570,0.45,0.45,0.45,0.45,0.45,0.45,0.45
1571,0.9,0.9,0.9,0.9,0.9,0.9,0.9
1572,0.25,0.25,0.25,0.25,0.25,0.25,0.25
1573,0.23,0.23,0.23,0.23,0.23,0.23,0.23
1574,0,0,0,0,0,0,0
1575,0,0,0,0,0,0,0
1576,0.23,0.23,0.23,0.23,0.23,0.23,0.23
1577,0,0,0,0,0,0,0
1578,0.82,0.891,0.968,1.075,1.095,1.173,1.219
1579,0,0,0,0,0,0,0
1580,0.45,0.45,0.45,0.45,0.45,0.45,0.45
1581,0.35,0.35,0.35,0.35,0,0,0
1582,0,0,0,0,0,0,0
1583,0,0,0,0,0,0,0
1584,0,0,0,0,0,0,0
1585,0,0,0,0,0,0,0
1586,0,0,0,0,0,0,0
1587,0,0,0,0,0,0,0
1588,0,0,0,0,0,0,0
1589,0,0,0,0,0,0,0
1590,0,0,0,0,0,0,0
1591,0,0,0,0,0,0,0
1592,0,0,0,0,0,0,0
1593,0,0,0,0,0,0,0
1594,0,0,0,0,0,0,0
1595,0,0,0,0,0,0,0
1596,0.35,0.732,0.796,0.91,0.996,1.169,1.345
1597,0.35,0.35,0.35,0.35,0.35,0.712,0.771
1598,0,0,0,0,0,0,0
1599,0,0,0,0,0,0,0
1600,0.35,0.35,0.35,0.35,0.35,0.35,0.35
1601,0.35,0.35,0.35,0.35,0.765,0.905,1.039
1602,0.722,0.784,0.852,0.974,1.069,0.778,0.903
1603,0,0,0,0,0,0,0
1604,1.203,1.267,1.337,1.463,1.56,1.761,1.969
1605,0.819,0.889,0.953,1.062,1.136,0.742,0.861
1606,1.687,1.806,1.936,2.17,2.352,2.727,3.115
1607,1.36,1.36,1.36,1.36,1.36,1.36,1.36
1608,0,0,0,0,0,0,0
1609,0.225,0.225,0.225,0.225,0.225,0.225,0.225
1610,0.53,0.53,0.53,0.53,0.53,0.53,0.53
1611,0,0,0,0,0,0,0
1612,0,0,0,1.139,0,0,1.456
1613,0,0,0,0,0,0,0
1614,0.7,0.7,0.7,0.7,0.7,0.7,0.7
1615,0.35,0.35,0.705,0.778,0,0,0
1616,0.225,0.225,0.225,0.225,0.225,0.225,0.225
1617,0,0,0,0,0,0,0
1618,0,0,0,0,0,0,0
1619,0,0,0,0,0,0,0
1620,0,0,0,0,0,0,0
1621,0,0,0,0,0,0,0
1622,0,0,0,0,0,0,0
1623,0,0,0,0,0,0,0
1624,0,0,0,0,0,0,0
1625,0,0,0,0,0,0,0
1626,0,0,0,0,0,0,0
1627,0,0,0,0,0,0,0
1628,0,0,0,0,0,0,0
1629,0,0,0,0,0,0,0
1630,0,0,0,0,0,0,0
1631,0,0,0,0,0,0,0
1632,0.88,0.88,0.88,0.88,0.88,0.88,0.88
1633,0,0,0,0,0,0,0
1634,1.299,1.365,1.437,1.567,1.668,1.876,2.092
1635,1.179,1.243,1.305,1.426,1.507,1.693,1.873
1636,0,0,0,0,0,0,0
1637,0,0,0,0,0,0,0
1638,0,0,0,0,0,0,0
1639,0,0,0,0,0,0,0
1640,0,0,0,0,0,0,0
1641,0,0,0,0,0,0,0
1642,0,0,0,0,0,0,0
1643,0,0,0,0,0,0,0
1644,0.45,0.45,0.45,0.45,0.45,0.45,0.45
1645,0.3,0.3,0.3,0.3,0.3,0.3,0.3
1646,0.3,0.3,0.65,0.65,0.65,0.65,0.65
1647,0,0,0,0,0,0,0
1648,0,0,0,0,0,0,0
1649,0,0,0,0,0,0,0
1650,0,0,0,0,0,0,0
1651,0,0,0,0,0,0,0
1652,0,0,0,0,0,0,0
1653,0,0,0,0,0,0,0
1654,0.35,0.35,0.35,0.35,0.35,0,0
1655,0.35,0.35,0.35,0.35,0.35,0.35,0.35
1656,0.35,0.35,0.35,0.733,0.799,0,0
1657,0,0,0,0,0,0,0
1658,0,0,0,0,0,0,0
1659,0,0,0,0,0,0,0
1660,0,0,0,0,0,0,0
1661,0,0,0,0,0,0,0
1662,0.3,0.3,0.3,0.3,0.3,0.3,0.3
1663,0.3,0.3,0.3,0.3,0.3,0.3,0.3
1664,0.75,0.75,0.75,0.75,0.75,0.75,0.75
1665,0.3,0.3,0.3,0.3,0.3,0.3,0.3
1666,0.3,0.3,0.3,0.3,0.3,0.3,0.3
1667,0.85,0.85,0.85,0.85,0.85,0.85,0.85
1668,0.45,0.45,0.45,0.45,0.45,0.45,0.45
1669,0.6,0.6,0.6,0.6,0.6,0.6,0.6
1670,0,0,0,0,0,0,0
1671,0,0,0,0,0,0,0
1672,0,0,0,0,0,0,0
1673,0,0,0,0,0,0,0
1674,0,0,0,0,0,0,0
1675,0,0,0,0,0,0,0
1676,0,0,0,0,0,0,0
1677,0,0,0,0,0,0,0
1678,0,0,0,0,0,0,0
1679,0.704,0.764,0.83,0.949,1.042,1.232,1.429
1680,0,0,0,0,0,0,0
1681,0.995,1.035,1.074,1.157,1.192,1.294,1.368
1682,0,0,0,0,0,0,0
1683,1.045,1.101,1.161,1.276,1.344,1.506,1.649
1684,0,0,0,0,0,0,0
1685,0,0,0,0,0,0,0
1686,0.23,0.23,0.23,0.23,0.23,0.23,0.23
1687,0,0,0,0,0,0,0
1688,0,0,0,0,0,0,0
1689,0,0,0,0,0,0,0
1690,0,0,0,0,0,0,0
1691,0.3,0.3,0.3,0.3,0.3,0.3,0.3
1692,0.6,0.6,0.6,0.6,0.6,0.6,0.6
1693,0,0,0,0,0,0,0
1694,0,0,0,0,0,0,0
1695,0.6,0.6,0.6,1.845,1.94,1.414,1.544
1696,0,0,0,0,0,0,0
1697,0,0,0,0,0,0,0
1698,0,0,0,0,0,0,0
1699,0,0,0,0,0,0,0
1700,0.45,0.45,0.45,0.45,0.45,0.45,0.45
1701,0,0,0,0,0,0,0
1702,0.35,0.35,0.35,0.35,0.35,0.35,0.35
1703,0.764,0.829,0.901,1.03,1.13,1.337,1.551
1704,0.35,0.35,0.35,0.35,0.35,0.35,0.35
1705,0,0,0,0,0,0,0
1706,0.992,1.06,1.133,1.274,1.375,1.594,1.812
1707,0.77,0.796,0.82,0.876,0.894,0.958,0.997
1708,0,0,0,0,0,0,0
1709,0.959,1.009,1.051,1.133,1.181,0.931,1.044
1710,1.389,1.459,1.533,1.671,1.762,1.963,2.153
1711,0,0,0,0,0,0,0
1712,0,0,0,0,0,0,0
1713,1.185,1.276,1.374,1.551,1.681,1.961,2.244
1714,0,0,0,0,0,0,0
1715,0,0,0,0,0,0,0
1716,0,0,0,0,0,0,0
1717,0.46,0.46,0.46,0.46,0.46,0.46,0.46
1718,0,0,0,0,0,0,0
1719,0,0,0,0,0,0,0
1720,0,0,0,0,0,0,0
1721,0,0,0,0,0,0,0
1722,0.3,0.3,0.3,0.3,0.3,0.3,0.3
1723,0,0,0,0,0,0,0
1724,0,0,0,0,0,0,0
1725,0,0,1.34,1.487,1.582,1.805,2.018
1726,0.924,1.004,1.09,1.247,1.365,1.566,1.76
1727,0,0,0,0,0,0,0
1728,0,0,0,0,0,0,0
1729,0.35,0.35,0.35,0.35,0.35,0.35,0.35
1730,0.23,0.23,0.23,0.23,0.23,0.23,0.23
1731,0,0,0,0,0,0,0
1732,0.35,0.35,0.35,0.35,0.35,0,0
1733,0.71,0.743,0.777,0.836,0.86,0.947,1.017
1734,0.46,0.46,0.46,0.46,0.46,0.46,1.625
1735,0,0,0,0,0,0,0
1736,0,0,0,0,0,0,0
1737,0,0,0,0,0,0,0
1738,0,0,0,0,0,0,0
1739,1.158,1.245,1.339,1.502,1.617,1.865,2.11
1740,0.35,0.35,0.35,0.7,0.769,0.909,1.054
1741,0,0,0,0,0,0,0
1742,0,0,0,0,0,0,0
1743,1.784,1.844,1.887,1.977,2.035,2.175,2.309
1744,0.23,0.23,0.23,0.23,0.23,0.23,0.23
1745,1.211,1.296,1.388,1.554,1.683,1.948,2.223
1746,0,0,0,0,0,0,0
1747,0,0,0,0,0,0,0
1748,0,0,0,0,0,0,0
1749,0,0,0,0,0,0,0
1750,0,0,0,0,0,0,0
1751,0,0,0,0,0,0,0
1752,1.176,1.247,1.324,1.461,1.562,1.774,1.989
1753,0.3,0.3,0.3,0.3,0.3,0.3,0.3
1754,0,0,0,0,0,0,0
1755,0.65,0.65,0.65,1.029,1.1,1.246,1.397
1756,0.58,0.58,0.58,0.58,0.58,0.58,0.58
1757,0.934,1.014,1.101,1.258,1.361,1.575,1.786
1758,0.3,0.3,0.3,0.3,0.3,0.3,0.3
1759,0.996,1.081,1.175,1.343,1.474,1.743,2.022
1760,0.35,0.35,0.35,0.35,0.35,0.35,0.35
1761,0.1,0.1,0.1,0.1,0,0,0
1762,0,0,0,0,0,0,0
1763,0,0,0,0,0,0,0
1764,0.35,0.35,0.35,0.35,0.35,0.35,0.35
2000,0,0,0,0,0,0,0
2001,0,0,0,0,0,0,0
2002,0,0,0,0,0,0,0
2003,0,0,0,0,0,0,0
2004,0.35,0.35,0.35,0.35,0.35,0.35,0.35
2005,0.776,0.843,0.916,1.036,1.124,1.302,1.479
2006,0.35,0.744,0.807,0.92,1.006,0.806,0.935
2007,0,0,0,0,0,0,0
2008,0,0,0,0,0,0,0
2009,0,0,0,0,0,0,0
2010,0,0,0,0,0,0,0
2011,0,0,0,0,0,0,0
2012,0,0,0,0,0,0,0
2013,0,0,0,0,0,0,0
2014,0,0,0,0,0,0,0
2015,0,0,0,0,0,0,0
2016,0,0,0,0,0,0,0
2017,0,0,0,0,0,0,0
2018,0,0,0,0,0,0,0
2019,0,0,0,0,0,0,0
2020,0,0,0,0,0,0,0
2021,0,0,0,0,0,0,0
2022,0,0,0,0,0,0,0
2023,0,0,0,0,0,0,0
2024,0,0,0,0,0,0,0
2025,0,0,0,0,0,0,0
2026,0,0,0,0,0,0,0
2027,0,0,0,0,0,0,0
2028,0,0,0,0,0,0,0
2029,0,0,0,0,0,0,0
2030,0,0,0,0,0,0,0
2031,0,0,0,0,0,0,0
2032,0,0,0,0,0,0,0
2033,0,0,0,0,0,0,0
2034,0,0,0,0,0,0,0
2035,0,0,0,0,0,0,0
2036,0,0,0,0,0,0,0
2037,0,0,0,0,0,0,0
2038,0,0,0,0,0,0,0
2039,0,0,0,0,0,0,0
2040,0,0,0,0,0,0,0
2041,0,0,0,0,0,0,0
2042,0,0,0,0,0,0,0
2043,0,0,0,0,0,0,0
2044,0,0,0,0,0,0,0
2045,0,0,0,0,0,0,0
2046,0,0,0,0,0,0,0
2047,0,0,0,0,0,0,0
2048,0,0,0,0,0,0,0
2049,0,0,0,0,0,0,0
2050,0,0,0,0,0,0,0
2051,0,0,0,0,0,0,0
2052,0,0,0,0,0,0,0
2053,0,0,0,0,0,0,0
2054,0,0,0,0,0,0,0
2055,0,0,0,0,0,0,0
2056,0,0,0,0,0,0,0
2057,0,0,0,0,0,0,0
2058,0,0,0,0,0,0,0
2059,0,0,0,0,0,0,0
2060,0,0,0,0,0,0,0
2061,0,0,0,0,0,0,0
2062,0,0,0,0,0,0,0
2063,0,0,0,0,0,0,0
2064,0,0,0,0,0,0,0
2065,0,0,0,0,0,0,0
2066,0,0,0,0,0,0,0
2067,0,0,0,0,0,0,0
2068,0,0,0,0,0,0,0
2069,0,0,0,0,0,0,0
2070,0,0,0,0,0,0,0
2071,0,0,0,0,0,0,0
2072,0,0,0,0,0,0,0
2073,0,0,0,0,0,0,0
2074,0,0,0,0,0,0,0
2075,0,0,0,0,0,0,0
2076,0,0,0,0,0,0,0
2077,0,0,0,0,0,0,0
2078,0,0,0,0,0,0,0
2079,0,0,0,0,0,0,0
2080,0,0,0,0,0,0,0
2081,0,0,0,0,0,0,0
2082,0,0,0,0,0,0,0
2083,0,0,0,0,0,0,0
2084,0,0,0,0,0,0,0
2085,0,0,0,0,0,0,0
2086,0,0,0,0,0,0,0
2087,0,0,0,0,0,0,0
2088,0,0,0,0,0,0,0
2089,0,0,0,0,0,0,0
2090,0,0,0,0,0,0,0
2091,0,0,0,0,0,0,0
2092,0,0,0,0,0,0,0
2093,0,0,0,0,0,0,0
2094,0,0,0,0,0,0,0
2095,0,0,0,0,0,0,0
2096,0,0,0,0,0,0,0
2097,0,0,0,0,0,0,0
2098,0,0,0,0,0,0,0
2099,0,0,0,0,0,0,0
2100,0,0,0,0,0,0,0
2101,0,0,0,0,0,0,0
2102,0,0,0,0,0,0,0
2103,0,0,0,0,0,0,0
2104,0,0,0,0,0,0,0
2105,0,0,0,0,0,0,0
2106,0,0,0,0,0,0,0
2107,0,0,0,0,0,0,0
2108,0,0,0,0,0,0,0
2109,0,0,0,0,0,0,0
2110,0,0,0,0,0,0,0
2111,0,0,0,0,0,0,0
2112,0,0,0,0,0,0,0
2113,0,0,0,0,0,0,0
2114,0,0,0,0,0,0,0
2115,0.96,1.043,1.133,1.295,1.421,1.681,1.947
2116,0,0,0,0,0,0,0
2117,0,0,0,0,0,0,0
2118,0,0,0,0,0,0,0
2119,0,0,0,0,0,0,0
2120,0,0,0,0,0,0,0
2121,0,0,0,0,0,0,0
2122,0,0,0,0,0,0,0
2123,0,0,0,0,0,0,0
2124,0,0,0,0,0,0,0
2125,0,0,0,0,0,0,0
2126,0,0,0,0,0,0,0
2127,0,0,0,0,0,0,0
2128,0,0,0,0,0,0,0
2129,0,0,0,0,0,0,0
2130,0,0,0,0,0,0,0
2131,0,0,0,0,0,0,0
2132,0,0,0,0,0,0,0
2133,0,0,0,0,0,0,0
2134,0,0,0,0,0,0,0
2135,0,0,0,0,0,0,0
2136,0,0,0,0,0,0,0
2137,0,0,0,0,0,0,0
2138,0,0,0,0,0,0,0
2139,0,0,0,0,0,0,0
2140,0,0,0,0,0,0,0
2141,0,0,0,0,0,0,0
2142,0,0,0,0,0,0,0
2143,0,0,0,0,0,0,0
2144,0,0,0,0,0,0,0
2145,0,0,0,0,0,0,0
2146,0,0,0,0,0,0,0
2147,0,0,0,0,0,0,0
2148,0,0,0,0,0,0,0
2149,0,0,0,0,0,0,0
2150,0,0,0,0,0,0,0
2151,0,0,0,0,0,0,0
2152,0,0,0,0,0,0,0
2153,0,0,0,0,0,0,0
2154,0,0,0,0,0,0,0
2155,0,0,0,0,0,0,0
2156,0,0,0,0,0,0,0
2157,0,0,0,0,0,0,0
2158,0,0,0,0,0,0,0
2159,0,0,0,0,0,0,0
2160,0,0,0,0,0,0,0
2161,0,0,0,0,0,0,0
2162,0,0,0,0,0,0,0
2163,0,0,0,0,0,0,0
2164,0,0,0,0,0,0,0
2165,0,0,0,0,0,0,0
2166,0,0,0,0,0,0,0
2167,0,0,0,0,0,0,0
2168,0,0,0,0,0,0,0
2169,0,0,0,0,0,0,0
2170,0,0,0,0,0,0,0
2171,0,0,0,0,0,0,0
2172,0,0,0,0,0,0,0
2173,0,0,0,0,0,0,0
2174,0,0,0,0,0,0,0
2175,0,0,0,0,0,0,0
2176,0,0,0,0,0,0,0
2177,0,0,0,0,0,0,0
2178,0,0,0,0,0,0,0
2179,0,0,0,0,0,0,0
2180,0,0,0,0,0,0,0
2181,0,0,0,0,0,0,0
2182,0,0,0,0,0,0,0
2183,0,0,0,0,0,0,0
2184,0,0,0,0,0,0,0
2185,0,0,0,0,0,0,0
2186,0,0,0,0,0,0,0
2187,0,0,0,0,0,0,0
2188,0,0,0,0,0,0,0
2189,0,0,0,0,0,0,0
2190,0,0,0,0,0,0,0
2191,0,0,0,0,0,0,0
2192,0,0,0,0,0,0,0
2193,0,0,0,0,0,0,0
2194,0,0,0,0,0,0,0
2195,0,0,0,0,0,0,0
2196,0,0,0,0,0,0,0
2197,0,0,0,0,0,0,0
2198,0,0,0,0,0,0,0
2199,0,0,0,0,0,0,0
2200,0,0,0,0,0,0,0
2201,0,0,0,0,0,0,0
2202,0,0,0,0,0,0,0
2203,0,0,0,0,0,0,0
2204,0,0,0,0,0,0,0
2205,0,0,0,0,0,0,0
2206,0,0,0,0,0,0,0
2207,0,0,0,0,0,0,0
2208,0,0,0,0,0,0,0
2209,0,0,0,0,0,0,0
2210,0,0,0,0,0,0,0
2211,0,0,0,0,0,0,0
2212,0,0,0,0,0,0,0
2213,0,0,0,0,0,0,0
2214,0,0,0,0,0,0,0
2215,0,0,0,0,0,0,0
2216,0,0,0,0,0,0,0
2217,0,0,0,0,0,0,0
2218,0,0,0,0,0,0,0
2219,0,0,0,0,0,0,0
2220,0,0,0,0,0,0,0
2221,0,0,0,0,0,0,0
2222,0,0,0,0,0,0,0
2223,0,0,0,0,0,0,0
2224,0,0,0,0,0,0,0
2225,0,0,0,0,0,0,0
2226,0,0,0,0,0,0,0
2227,0,0,0,0,0,0,0
2228,0,0,0,0,0,0,0
2229,0,0,0,0,0,0,0
2230,0,0,0,0,0,0,0
2231,0,0,0,0,0,0,0
2232,0,0,0,0,0,0,0
2233,0,0,0,0,0,0,0
2234,0,0,0,0,0,0,0
2235,0,0,0,0,0,0,0
2236,0,0,0,0,0,0,0
2237,0,0,0,0,0,0,0
2238,0,0,0,0,0,0,0
2239,0,0,0,0,0,0,0
2240,0,0,0,0,0,0,0
2241,0,0,0,0,0,0,0
2242,0,0,0,0,0,0,0
2243,0,0,0,0,0,0,0
2244,0,0,0,0,0,0,0
2245,0,0,0,0,0,0,0
2246,0,0,0,0,0,0,0
2247,0,0,0,0,0,0,0
2248,0,0,0,0,0,0,0
2249,0,0,0,0,0,0,0
2250,0,0,0,0,0,0,0
2251,0,0,0,0,0,0,0
2252,0,0,0,0,0,0,0
2253,0,0,0,0,0,0,0
2254,0,0,0,0,0,0,0
2255,0,0,0,0,0,0,0
2256,0,0,0,0,0,0,0
2257,0,0,0,0,0,0,0
2258,0,0,0,0,0,0,0
2259,0,0,0,0,0,0,0
2260,0,0,0,0,0,0,0
2261,0,0,0,0,0,0,0
2262,0,0,0,0,0,0,0
2263,0,0,0,0,0,0,0
2264,0,0,0,0,0,0,0
2265,0,0,0,0,0,0,0
2266,0,0,0,0,0,0,0
2267,0,0,0,0,0,0,0
2268,0,0,0,0,0,0,0
2269,0,0,0,0,0,0,0
2270,0,0,0,0,0,0,0
2271,0,0,0,0,0,0,0
2272,0,0,0,0,0,0,0
2273,0,0,0,0,0,0,0
2274,0,0,0,0,0,0,0
2275,0,0,0,0,0,0,0
2276,0,0,0,0,0,0,0
2277,0,0,0,0,0,0,0
2278,0,0,0,0,0,0,0
2279,0,0,0,0,0,0,0
2280,0,0,0,0,0,0,0
2281,0,0,0,0,0,0,0
2282,0,0,0,0,0,0,0
2283,0,0,0,0,0,0,0
2284,0,0,0,0,0,0,0
2285,0,0,0,0,0,0,0
2286,0,0,0,0,0,0,0
2287,0,0,0,0,0,0,0
2288,0,0,0,0,0,0,0
2289,0,0,0,0,0,0,0
2290,0,0,0,0,0,0,0
2291,0,0,0,0,0,0,0
2292,0,0,0,0,0,0,0
2293,0,0,0,0,0,0,0
2294,0,0,0,0,0,0,0
2295,0,0,0,0,0,0,0
2296,0,0,0,0,0,0,0
2297,0,0,0,0,0,0,0
2298,0,0,0,0,0,0,0
2299,0,0,0,0,0,0,0
2300,0,0,0,0,0,0,0
2301,0,0,0,0,0,0,0
2302,0,0,0,0,0,0,0
2303,0,0,0,0,0,0,0
2304,0,0,0,0,0,0,0
2305,0,0,0,0,0,0,0
2306,0,0,0,0,0,0,0
2307,0,0,0,0,0,0,0
2308,0,0,0,0,0,0,0
2309,0,0,0,0,0,0,0
2310,0,0,0,0,0,0,0
2311,0,0,0,0,0,0,0
2312,0,0,0,0,0,0,0
2313,0,0,0,0,0,0,0
2314,0,0,0,0,0,0,0
2315,0,0,0,0,0,0,0
2316,0,0,0,0,0,0,0
2317,0,0,0,0,0,0,0
2318,0,0,0,0,0,0,0
2319,0,0,0,0,0,0,0
2320,0,0,0,0,0,0,0
2321,0,0,0,0,0,0,0
2322,0,0,0,0,0,0,0
2323,0,0,0,0,0,0,0
2324,0,0,0,0,0,0,0
2325,0,0,0,0,0,0,0
2326,0,0,0,0,0,0,0
2327,0,0,0,0,0,0,0
2328,0,0,0,0,0,0,0
2329,0,0,0,0,0,0,0
2330,0,0,0,0,0,0,0
2331,0,0,0,0,0,0,0
2332,0,0,0,0,0,0,0
2333,0,0,0,0,0,0,0
2334,0,0,0,0,0,0,0
2335,0,0,0,0,0,0,0
2336,0,0,0,0,0,0,0
2337,0,0,0,0,0,0,0
2338,0,0,0,0,0,0,0
2339,0,0,0,0,0,0,0
2340,0,0,0,0,0,0,0
2341,0,0,0,0,0,0,0
2342,0,0,0,0,0,0,0
2343,0,0,0,0,0,0,0
2344,0,0,0,0,0,0,0
2345,0,0,0,0,0,0,0
2346,0,0,0,0,0,0,0
2347,0,0,0,0,0,0,0
2348,0,0,0,0,0,0,0
2349,0,0,0,0,0,0,0
2350,0,0,0,0,0,0,0
2351,0,0,0,0,0,0,0
2352,0,0,0,0,0,0,0
2353,0,0,0,0,0,0,0
2354,0,0,0,0,0,0,0
2355,0,0,0,0,0,0,0
2356,0,0,0,0,0,0,0
2357,0,0,0,0,0,0,0
2358,0,0,0,0,0,0,0
2359,0,0,0,0,0,0,0
2360,0,0,0,0,0,0,0
2361,0,0,0,0,0,0,0
2362,0,0,0,0,0,0,0
2363,0,0,0,0,0,0,0
2364,0,0,0,0,0,0,0
2365,0,0,0,0,0,0,0
2366,0,0,0,0,0,0,0
2367,0,0,0,0,0,0,0
2368,0,0,0,0,0,0,0
2369,0,0,0,0,0,0,0
2370,0,0,0,0,0,0,0
2371,0,0,0,0,0,0,0
2372,0,0,0,0,0,0,0
2373,0,0,0,0,0,0,0
2374,0,0,0,0,0,0,0
2375,0,0,0,0,0,0,0
2376,0,0,0,0,0,0,0
2377,0,0,0,0,0,0,0
2378,0,0,0,0,0,0,0
2379,0,0,0,0,0,0,0
2380,0,0,0,0,0,0,0
2381,0,0,0,0,0,0,0
2382,0,0,0,0,0,0,0
2383,0,0,0,0,0,0,0
2384,0,0,0,0,0,0,0
2385,0,0,0,0,0,0,0
2386,0,0,0,0,0,0,0
2387,0,0,0,0,0,0,0
2388,0,0,0,0,0,0,0
2389,0,0,0,0,0,0,0
2390,0,0,0,0,0,0,0
2391,0,0,0,0,0,0,0
2392,0,0,0,0,0,0,0
2393,0,0,0,0,0,0,0
2394,0,0,0,0,0,0,0
2395,0,0,0,0,0,0,0
2396,0,0,0,0,0,0,0
2397,0,0,0,0,0,0,0
2398,0,0,0,0,0,0,0
2399,0,0,0,0,0,0,0
2400,0,0,0,0,0,0,0
2401,0,0,0,0,0,0,0
2402,0,0,0,0,0,0,0
2403,0,0,0,0,0,0,0
2404,0,0,0,0,0,0,0
2405,0,0,0,0,0,0,0
2406,0,0,0,0,0,0,0
2407,0,0,0,0,0,0,0
2408,0,0,0,0,0,0,0
2409,0,0,0,0,0,0,0
2410,0,0,0,0,0,0,0
2411,0,0,0,0,0,0,0
2412,0,0,0,0,0,0,0
2413,0,0,0,0,0,0,0
2414,0,0,0,0,0,0,0
2415,0,0,0,0,0,0,0
2416,0,0,0,0,0,0,0
2417,0,0,0,0,0,0,0
2418,0,0,0,0,0,0,0
2419,0,0,0,0,0,0,0
2420,0,0,0,0,0,0,0
2421,0,0,0,0,0,0,0
2422,0,0,0,0,0,0,0
2423,0,0,0,0,0,0,0
2424,0,0,0,0,0,0,0
2425,0,0,0,0,0,0,0
2426,0,0,0,0,0,0,0
2427,0,0,0,0,0,0,0
2428,0,0,0,0,0,0,0
2429,0,0,0,0,0,0,0
2430,0,0,0,0,0,0,0
2431,0,0,0,0,0,0,0
2432,0,0,0,0,0,0,0
2433,0,0,0,0,0,0,0
2434,0,0,0,0,0,0,0
2435,0,0,0,0,0,0,0
2436,0,0,0,0,0,0,0
2437,0,0,0,0,0,0,0
2438,0,0,0,0,0,0,0
2439,0,0,0,0,0,0,0
2440,0,0,0,0,0,0,0
2441,0,0,0,0,0,0,0
2442,0,0,0,0,0,0,0
2443,0,0,0,0,0,0,0
2444,0,0,0,0,0,0,0
2445,0,0,0,0,0,0,0
2446,0,0,0,0,0,0,0
2447,0,0,0,0,0,0,0
2448,0,0,0,0,0,0,0
2449,0,0,0,0,0,0,0
2450,0,0,0,0,0,0,0
2451,0,0,0,0,0,0,0
2452,0,0,0,0,0,0,0
2453,0,0,0,0,0,0,0
2454,0,0,0,0,0,0,0
2455,0,0,0,0,0,0,0
2456,0,0,0,0,0,0,0
2457,0,0,0,0,0,0,0
2458,0,0,0,0,0,0,0
2459,0,0,0,0,0,0,0
2460,0,0,0,0,0,0,0
2461,0,0,0,0,0,0,0
2462,0,0,0,0,0,0,0
2463,0,0,0,0,0,0,0
2464,0,0,0,0,0,0,0
2465,0,0,0,0,0,0,0
2466,0,0,0,0,0,0,0
2467,0,0,0,0,0,0,0
2468,0,0,0,0,0,0,0
2469,0,0,0,0,0,0,0
2470,0,0,0,0,0,0,0
2471,0,0,0,0,0,0,0
2472,0,0,0,0,0,0,0
2473,0,0,0,0,0,0,0
2474,0,0,0,0,0,0,0
2475,0,0,0,0,0,0,0
2476,0,0,0,0,0,0,0
2477,0,0,0,0,0,0,0
2478,0,0,0,0,0,0,0
2479,0,0,0,0,0,0,0
2480,0,0,0,0,0,0,0
2481,0,0,0,0,0,0,0
2482,0,0,0,0,0,0,0
2483,0,0,0,0,0,0,0
2484,0,0,0,0,0,0,0
2485,0,0,0,0,0,0,0
2486,0,0,0,0,0,0,0
2487,0,0,0,0,0,0,0
2488,0,0,0,0,0,0,0
2489,0,0,0,0,0,0,0
2490,0,0,0,0,0,0,0
2491,0,0,0,0,0,0,0
2492,0,0,0,0,0,0,0
2493,0,0,0,0,0,0,0
2494,0,0,0,0,0,0,0
2495,0.35,0.35,0.35,0.35,0.35,0.35,0.35
2496,0,0,0,0,0,0,0
2497,0,0,0,0,0,0,0
2498,0,0,0,0,0,0,0
2499,0,0,0,0,0,0,0
2500,0,0,0,0,0,0,0
2501,0,0,0,0,0,0,0
2502,0,0,0,0,0,0,0
2503,0,0,0,0,0,0,0
2504,0,0,0,0,0,0,0
2505,0,0,0,0,0,0,0
2506,0,0,0,0,0,0,0
2507,0,0,0,0,0,0,0
2508,0,0,0,0,0,0,0
2509,0,0,0,0,0,0,0
2510,0,0,0,0,0,0,0
2511,0,0,0,0,0,0,0
2512,0,0,0,0,0,0,0
2513,0,0,0,0,0,0,0
2514,0,0,0,0,0,0,0
2515,0.35,0.35,0.35,0.35,0.35,0.35,0.35
2516,0,0,0,0,0,0,0
2517,0,0,0,0,0,0,0
2518,0,0,0,0,0,0,0
2519,0,0,0,0,0,0,0
2520,0.35,0.35,0,0,0,0,0
2521,0,0,0,0,0,0,0
2522,0,0,0,0,0,0,0
2523,0,0,0,0,0,0,0
2524,0,0,0,0,0,0,0
2525,0,0,0,0,0,0,0
2526,0,0,0,0,0,0,0
2527,0,0,0,0,0,0,0
2528,0,0,0,0,0,0,0
2529,0,0,0,0,0,0,0
2530,0,0,0,0,0,0,0
2531,0,0,0,0,0,0,0
2532,0,0,0,0,0,0,0
2533,0,0,0,0,0,0,0
2534,0,0,0,0,0,0,0
2535,0,0,0,0,0,0,0
2536,0,0,0,0,0,0,0
2537,0,0,0,0,0,0,0
2538,0,0,0,0,0,0,0
2539,0,0,0,0,0,0,0
3020,0.47,0.47,0.47,0.47,0.47,0.47,0.47
3022,0.47,0.47,0.47,0.47,0.47,0.47,0.47
3023,0.48,0.48,0.48,0.48,0.48,0.48,0.48
3024,0.3,0.3,0.3,0.3,0.3,0.3,0.3
3027,0.54,0.54,0.54,0.54,0.54,0.54,0.54
3134,0,0,0,0,0,0,0
3172,0.45,0.45,0.45,0.45,0.45,0.45,0.45
3173,0.24,0.24,0.24,0.24,0.24,0.24,0.24
3190,0.2,0.2,0,0,0,0,0
3208,0.3,0.3,0.3,0.3,0.3,0.3,0.3
3253,0.3,0.3,0.3,0.3,0.3,0.3,0.3
4010,0.23,0.23,0,0,0,0,0
4020,0,0,0,0,0,0,0
4030,0,0,0,0,0,0,0
4031,0.3,0.3,0.3,0.3,0.3,0.3,0.3
4033,0,0,0,0,0,0,0
4037,0,0,0,0,0,0,0
4045,0,0,0,0,0,0,0
4063,0.23,0.23,0.23,0.23,0.23,0.23,0.23
4080,0,0,0,0,0,0,0
4082,0.23,0.23,0.23,0.23,0.23,0.23,0.23
4083,0.23,0.23,0.23,0.23,0.23,0.23,0.23
4084,0,0,0,0,0,0,0
4085,0,0,0,0,0,0,0
4086,0,0,0,0,0,0,0
4089,0.3,0.3,0.3,0.3,0.3,0.3,0.3
4091,0,0,0,0,0,0,0
4092,0.3,0.3,0.3,0.3,0.3,0.3,0.3
4093,0,0,0,0,0,0,0
4094,0,0,0,0,0,0,0
4097,0,0,0,0,0,0,0
4098,0.3,0.3,0.3,0.3,0.3,0.3,0.3
4099,0,0,0,0,0,0,0
4100,0,0,0,0,0,0,0
4101,0,0,0,0,0,0,0
4106,0.23,0.23,0.23,0.23,0.23,0.23,0.23
4107,0.35,0.35,0.35,0.35,0.35,0.35,0.35
4108,0.35,0.35,0.35,0.35,0.35,0.35,0.35
4109,0.23,0.23,0.23,0.23,0.23,0.23,0.23
4112,0,0,0,0,0,0,0
4118,0,0,0,0,0,0,0
4119,0,0,0,0,0,0,0
4122,0.25,0.25,0.25,0.25,0.25,0.25,0.25
4127,0,0,0,0,0,0,0
4128,0.68,0.68,0.48,0.48,0.48,0.48,0.48
4130,0,0,0,0,0,0,0
4131,0,0,0,0,0,0,0
4134,0.2,0.2,0,0,0,0,0
4135,0.3,0.3,0.3,0.3,0.3,0.3,0.3
4136,0.3,0.3,0.3,0.3,0.3,0.3,0.3
4142,0.53,0.53,0.53,0.53,0.53,0.53,0.53
4143,0.51,0.51,0.3,0.3,0.3,0.3,0.3
4144,0.3,0.3,0.3,0.3,0.3,0.3,0.3
4146,0,0,0,0,0,0,0
4147,0,0,0,0,0,0,0
4148,0.22,0.22,0.22,0.22,0.22,0.22,0.22
4150,0.25,0.25,0.25,0.25,0.25,0.25,0.25
4151,0,0,0,0,0,0,0
4159,0,0,0,0,0,0,0
4160,0.53,0.53,0.53,0.53,0.53,0.53,0.53
4161,1.09,1.09,0.69,0.69,0.69,0.69,0.69
4163,0.53,0.53,0.53,0.53,0.53,0.53,0.53
4164,0,0,0,0,0,0,0
4168,0.3,0.3,0.3,0.3,0.3,0.3,0.3
4172,0,0,0,0,0,0,0
4173,0.6,0.6,0.6,0.6,0.6,0.6,0.6
4174,0.6,0.6,0.6,0.6,0.6,0.6,0.6
4175,0.83,0.83,0.83,0.83,0.83,0.83,0.83
4178,0,0,0,0,0,0,0
4179,0.23,0.23,0.23,0.23,0.23,0.23,0.23
4180,0,0,0,0,0,0,0
4184,0.3,0.3,0.3,0.3,0.3,0.3,0.3
4185,0.55,0.55,0.55,0.55,0.55,0.55,0.55
4186,0.6,0.6,0.6,0.6,0.6,0.6,0.6
4187,0.3,0.3,0.3,0.3,0.3,0.3,0.3
4188,0.98,0.78,0.78,0.78,0.78,0.78,0.78
4189,0.6,0.6,0.6,0.6,0.6,0.6,0.6
4190,0.53,0.53,0.53,0.53,0.53,0.53,0.53
4191,0,0,0,0,0,0,0
4193,0.7,0.7,0.7,0.7,0.7,0.7,0.7
4198,0,0,0,0,0,0,0
4199,0,0,0,0,0,0,0
4200,0.85,0.85,0.85,0.85,0.85,0.85,0.85
4201,1.2,1.2,1.2,1.2,1.2,1.2,1.2
4202,1.22,1.22,1.22,1.22,1.22,1.22,1.22
4203,0.46,0.46,0,0,0,0,0
4209,0.43,0.23,0.23,0.23,0.23,0.23,0.23
4216,0.23,0.23,0.23,0.23,0.23,0.23,0.23
4217,0.6,0.6,0.6,0.6,0.6,0.6,0.6
4218,0.23,0.23,0.23,0.23,0.23,0.23,0.23
4219,0.5,0.5,0.5,0.5,0.5,0.5,0.5
4220,0.46,0.46,0.46,0.46,0.46,0.46,0.46
4221,0,0,0,0,0,0,0
4231,0.3,0.3,0.3,0.3,0.3,0.3,0.3
4232,0.83,0.83,0.83,0.83,0.83,0.83,0.83
4233,0.6,0.6,0.6,0.6,0.6,0.6,0.6
4234,0.45,0.45,0.45,0.45,0.45,0.45,0.45
4235,0.53,0.53,0.53,0.53,0.53,0.53,0.53
4236,1.66,1.66,1.66,1.66,1.66,1.66,1.66
4237,0.23,0.23,0.23,0.23,0.23,0.23,0.23
4250,0.98,0.98,0.98,0.98,0.98,0.98,0.98
4251,1.75,1.75,1.75,1.75,1.75,1.75,1.75
4252,1.13,1.13,1.13,1.13,1.13,1.13,1.13
4253,0,0,0,0,0,0,0
4254,0,0,0,0,0,0,0
4255,0,0,0,0,0,0,0
4259,0,0,0,0,0,0,0
4260,0,0,0,0,0,0,0
4262,0,0,0,0,0,0,0
4270,0.23,0.23,0.23,0.23,0.23,0.23,0.23
4271,0.76,0.76,0.76,0.76,0.76,0.76,0.76
4272,0.23,0.23,0.23,0.23,0.23,0.23,0.23
4273,1.06,1.06,1.06,1.06,1.06,1.06,1.06
4274,1.66,1.66,1.66,1.66,1.66,1.66,1.66
4275,0.45,0.45,0.45,0.45,0.45,0.45,0.45
4276,0,0,0,0,0,0,0
4277,0,0,0,0,0,0,0
4281,0.3,0.3,0.3,0.3,0.3,0.3,0.3
4286,0,0,0,0,0,0,0
4288,0,0,0,0,0,0,0
4289,0,0,0,0,0,0,0
4290,0.46,0.46,0.46,0.46,0.46,0.46,0.46
4291,0.76,0.76,0.76,0.76,0.76,0.76,0.76
4292,0.23,0.23,0.23,0.23,0.23,0.23,0.23
4293,0,0,0,0,0,0,0
4294,0,0,0,0,0,0,0
4295,1.52,1.52,1.52,1.52,1.52,1.52,1.52
4296,0.3,0.3,0.3,0.3,0.3,0.3,0.3
4297,0.46,0.46,0.46,0.46,0.46,0.46,0.46
4303,0.3,0.3,0.3,0.3,0.3,0.3,0.3
4309,0.33,0.33,0.33,0.33,0.33,0.33,0.33
4310,0.54,0.54,0.54,0.54,0.54,0.54,0.54
4311,0,0,0,0,0,0,0
4312,0,0,0,0,0,0,0
4313,0.6,0.6,0.6,0.6,0.6,0.6,0.6
4314,0,0,0,0,0,0,0
4315,0,0,0,0,0,0,0
4316,0.6,0.6,0.6,0.6,0.6,0.6,0.6
4317,0.69,0.69,0.69,0.69,0.69,0.69,0.69
4318,0.89,0.89,0.69,0.69,0.69,0.69,0.69
4333,0.3,0.3,0.3,0.3,0.3,0.3,0.3
4335,0.23,0.23,0.23,0.23,0.23,0.23,0.23
4336,0.23,0.23,0.23,0.23,0.23,0.23,0.23
4337,0.23,0.23,0.23,0.23,0.23,0.23,0.23
4339,0.53,0.53,0.53,0.53,0.53,0.53,0.53
4340,1.21,1.21,1.21,1.21,1.21,1.21,1.21
4341,0.9,0.9,0.9,0.9,0.9,0.9,0.9
4348,0.23,0.23,0.23,0.23,0.23,0.23,0.23
4355,0,0,0,0,0,0,0
4356,1.09,1.09,1.09,1.09,1.09,1.09,1.09
4357,0.23,0.23,0.23,0.23,0.23,0.23,0.23
4359,0.23,0.23,0.23,0.23,0.23,0.23,0.23
4360,0,0,0,0,0,0,0
4361,0,0,0,0,0,0,0
4362,1,1,1,1,1,1,1
4363,1.29,1.29,1.29,1.29,1.29,1.29,1.29
4364,0.3,0.3,0.3,0.3,0.3,0.3,0.3
4377,0.6,0.6,0.6,0.6,0.6,0.6,0.6
4378,0.6,0.6,0.6,0.6,0.6,0.6,0.6
4379,0.3,0.3,0.3,0.3,0.3,0.3,0.3
4380,0,0,0,0,0,0,0
4383,0.3,0.3,0.3,0.3,0.3,0.3,0.3
4384,0.6,0.6,0.6,0.6,0.6,0.6,0.6
4385,0.3,0.3,0.3,0.3,0.3,0.3,0.3
4386,0,0,0,0,0,0,0
4401,0.23,0.23,0.23,0.23,0.23,0.23,0.23
4402,0.3,0.3,0.3,0.3,0.3,0.3,0.3
4404,0.3,0.3,0.3,0.3,0.3,0.3,0.3
4405,0.23,0.23,0.23,0.23,0.23,0.23,0.23
4407,0.23,0.23,0.23,0.23,0.23,0.23,0.23
4408,0.76,0.76,0.76,0.76,0.76,0.76,0.76
4409,0.3,0.3,0.3,0.3,0.3,0.3,0.3
4421,0,0,0,0,0,0,0
4423,0,0,0,0,0,0,0
4424,0,0,0,0,0,0,0
4426,0,0,0,0,0,0,0
4427,0.3,0.3,0.3,0.3,0.3,0.3,0.3
4428,0,0,0,0,0,0,0
4429,0,0,0,0,0,0,0
4430,0.3,0.3,0.3,0.3,0.3,0.3,0.3
4441,0,0,0,0,0,0,0
4442,0,0,0,0,0,0,0
4444,0.6,0.6,0.6,0.6,0.6,0.6,0.6
4445,0,0,0,0,0,0,0
4448,0,0,0,0,0,0,0
4449,0.3,0.3,0.3,0.3,0.3,0.3,0.3
4450,0.6,0.6,0.6,0.6,0.6,0.6,0.6
4451,0.76,0.76,0.76,0.76,0.76,0.76,0.76
4455,0,0,0,0,0,0,0
4466,0.23,0.23,0.23,0.23,0.23,0.23,0.23
4467,0,0,0,0,0,0,0
4469,0,0,0,0,0,0,0
4472,0,0,0,0,0,0,0
4473,0.53,0.53,0.53,0.53,0.53,0.53,0.53
4474,0,0,0,0,0,0,0
4475,0.53,0.53,0.53,0.53,0.53,0.53,0.53
4477,0,0,0,0,0,0,0
4483,0,0,0,0,0,0,0
4489,0.23,0.23,0.23,0.23,0.23,0.23,0.23
4492,0.6,0.6,0.6,0.6,0.6,0.6,0.6
4493,0.23,0.23,0.23,0.23,0.23,0.23,0.23
4494,0,0,0,0,0,0,0
4495,0.23,0.23,0.23,0.23,0.23,0.23,0.23
4496,0.23,0.23,0.23,0.23,0.23,0.23,0.23
4497,0.23,0.23,0.23,0.23,0.23,0.23,0.23
4507,0.23,0.23,0.23,0.23,0.23,0.23,0.23
4508,0.3,0.3,0.3,0.3,0.3,0.3,0.3
4509,0.45,0.45,0.45,0.45,0.45,0.45,0.45
4511,0.3,0.3,0.3,0.3,0.3,0.3,0.3
4512,0.6,0.6,0.6,0.6,0.6,0.6,0.6
4513,0.53,0.53,0.53,0.53,0.53,0.53,0.53
4514,0,0,0,0,0,0,0
4515,0,0,0,0,0,0,0
4516,0,0,0,0,0,0,0
4517,0,0,0,0,0,0,0
4527,0,0,0,0,0,0,0
4528,0,0,0,0,0,0,0
4530,0,0,0,0,0,0,0
4531,0,0,0,0,0,0,0
4532,0.45,0.45,0.25,0.25,0.25,0.25,0.25
4533,0.6,0.6,0.6,0.6,0.6,0.6,0.6
4535,0.2,0.2,0,0,0,0,0
4549,0,0,0,0,0,0,0
4551,0.3,0.3,0.3,0.3,0.3,0.3,0.3
4552,0,0,0,0,0,0,0
4554,0.23,0.23,0.23,0.23,0.23,0.23,0.23
4555,0.5,0.5,0.5,0.5,0.5,0.5,0.5
4556,0,0,0,0,0,0,0
4557,0,0,0,0,0,0,0
4558,0,0,0,0,0,0,0
4566,0,0,0,0,0,0,0
4572,0.3,0.3,0.3,0.3,0.3,0.3,0.3
4573,0,0,0,0,0,0,0
4574,0,0,0,0,0,0,0
4577,0,0,0,0,0,0,0
4578,0.21,0.21,0,0,0,0,0
4582,0,0,0,0,0,0,0
4584,0.23,0.23,0.23,0.23,0.23,0.23,0.23
4587,0.6,0.6,0.6,0.6,0.6,0.6,0.6
4588,0.3,0.3,0.3,0.3,0.3,0.3,0.3
4590,0,0,0,0,0,0,0
4591,0.23,0.23,0.23,0.23,0.23,0.23,0.23
4596,0.2,0,0,0,0,0,0
4597,0.2,0.2,0.2,0.2,0.2,0.2,0.2
4598,0.55,0.55,0.35,0.35,0.35,0.35,0.35
4601,0,0,0,0,0,0,0
4602,0.3,0.3,0.3,0.3,0.3,0.3,0.3
4603,0.3,0.3,0.3,0.3,0.3,0.3,0.3
4606,0.23,0.23,0.23,0.23,0.23,0.23,0.23
4607,0,0,0,0,0,0,0
4610,0,0,0,0,0,0,0
4612,0,0,0,0,0,0,0
4613,0.2,0.2,0,0,0,0,0
4614,0.3,0.3,0.3,0.3,0.3,0.3,0.3
4621,0,0,0,0,0,0,0
4630,0.3,0.3,0.3,0.3,0.3,0.3,0.3
